{
  "USD_ILS": 3.15181,
  "ILS_USD": 0.317278
}